,mean loss,median loss,training time minutes
without,1.056864,0.827356,32.760236
dot,1.061731,0.83596,36.256661
general,1.03214,0.806987,37.387139
concat,0.856844,0.599806,40.020917
bahdanau,0.374914,0.339739,39.651543
